child_id,action,danger,timestamp
오르페옹,laughing,normal,00:00
오르페옹,laughing,normal,00:00
오르페옹,laughing,normal,00:00
오르페옹,laughing,normal,00:00
오르페옹,laughing,normal,00:00
오르페옹,laughing,normal,00:00
오르페옹,laughing,normal,00:00
오르페옹,laughing,normal,00:00
오르페옹,laughing,normal,00:00
오르페옹,laughing,normal,00:00
오르페옹,laughing,normal,00:00
오르페옹,laughing,normal,00:00
오르페옹,laughing,normal,00:00
오르페옹,laughing,normal,00:00
오르페옹,laughing,normal,00:00
오르페옹,laughing,normal,00:00
오르페옹,laughing,normal,00:00
오르페옹,laughing,normal,00:00
오르페옹,laughing,normal,00:00
오르페옹,laughing,normal,00:00
오르페옹,laughing,normal,00:00
오르페옹,laughing,normal,00:00
오르페옹,laughing,normal,00:00
오르페옹,laughing,normal,00:00
오르페옹,laughing,normal,00:00
오르페옹,laughing,normal,00:00
오르페옹,laughing,normal,00:00
오르페옹,laughing,normal,00:00
오르페옹,laughing,normal,00:00
오르페옹,laughing,normal,00:00
오르페옹,laughing,normal,00:00
오르페옹,laughing,normal,00:01
오르페옹,laughing,normal,00:01
오르페옹,laughing,normal,00:01
오르페옹,laughing,normal,00:01
오르페옹,laughing,normal,00:01
오르페옹,laughing,normal,00:01
오르페옹,laughing,normal,00:01
오르페옹,laughing,normal,00:01
오르페옹,laughing,normal,00:01
오르페옹,laughing,normal,00:01
오르페옹,laughing,normal,00:01
오르페옹,laughing,normal,00:01
오르페옹,laughing,normal,00:01
오르페옹,laughing,normal,00:01
오르페옹,laughing,normal,00:01
오르페옹,laughing,normal,00:01
오르페옹,laughing,normal,00:01
오르페옹,laughing,normal,00:01
오르페옹,laughing,normal,00:01
오르페옹,laughing,normal,00:01
오르페옹,laughing,normal,00:01
오르페옹,laughing,normal,00:01
오르페옹,laughing,normal,00:01
오르페옹,laughing,normal,00:01
오르페옹,laughing,normal,00:01
오르페옹,laughing,normal,00:01
오르페옹,laughing,normal,00:02
오르페옹,laughing,normal,00:02
오르페옹,laughing,normal,00:02
오르페옹,laughing,normal,00:02
오르페옹,laughing,normal,00:02
오르페옹,laughing,normal,00:02
오르페옹,laughing,normal,00:02
오르페옹,laughing,normal,00:02
오르페옹,laughing,normal,00:02
오르페옹,laughing,normal,00:02
오르페옹,laughing,normal,00:02
오르페옹,laughing,normal,00:02
오르페옹,laughing,normal,00:02
오르페옹,laughing,normal,00:02
오르페옹,laughing,normal,00:02
오르페옹,laughing,normal,00:02
오르페옹,laughing,normal,00:02
오르페옹,laughing,normal,00:02
오르페옹,laughing,normal,00:02
오르페옹,laughing,normal,00:02
오르페옹,laughing,normal,00:02
오르페옹,laughing,normal,00:02
오르페옹,laughing,normal,00:02
오르페옹,laughing,normal,00:02
오르페옹,laughing,normal,00:02
오르페옹,laughing,normal,00:02
오르페옹,laughing,normal,00:02
오르페옹,laughing,normal,00:02
오르페옹,laughing,normal,00:02
오르페옹,laughing,normal,00:02
오르페옹,laughing,normal,00:03
오르페옹,laughing,normal,00:03
오르페옹,laughing,normal,00:03
오르페옹,laughing,normal,00:03
오르페옹,laughing,normal,00:03
오르페옹,laughing,normal,00:03
오르페옹,laughing,normal,00:03
오르페옹,laughing,normal,00:03
오르페옹,laughing,normal,00:03
오르페옹,laughing,normal,00:03
오르페옹,laughing,normal,00:03
오르페옹,laughing,normal,00:03
오르페옹,laughing,normal,00:03
오르페옹,laughing,normal,00:03
오르페옹,laughing,normal,00:03
오르페옹,laughing,normal,00:03
오르페옹,laughing,normal,00:03
오르페옹,laughing,normal,00:03
오르페옹,laughing,normal,00:03
오르페옹,laughing,normal,00:03
오르페옹,laughing,normal,00:03
오르페옹,laughing,normal,00:03
오르페옹,laughing,normal,00:03
오르페옹,laughing,normal,00:03
오르페옹,laughing,normal,00:03
오르페옹,laughing,normal,00:03
오르페옹,laughing,normal,00:04
오르페옹,laughing,normal,00:04
오르페옹,laughing,normal,00:04
오르페옹,laughing,normal,00:04
오르페옹,laughing,normal,00:04
오르페옹,laughing,normal,00:04
오르페옹,laughing,normal,00:04
오르페옹,laughing,normal,00:04
오르페옹,laughing,normal,00:04
오르페옹,laughing,normal,00:04
오르페옹,laughing,normal,00:04
오르페옹,laughing,normal,00:04
오르페옹,laughing,normal,00:04
오르페옹,laughing,normal,00:04
오르페옹,laughing,normal,00:04
오르페옹,laughing,normal,00:04
오르페옹,laughing,normal,00:04
오르페옹,laughing,normal,00:04
오르페옹,laughing,normal,00:04
오르페옹,laughing,normal,00:04
오르페옹,laughing,normal,00:04
오르페옹,laughing,normal,00:04
오르페옹,laughing,normal,00:04
오르페옹,laughing,normal,00:04
오르페옹,laughing,normal,00:04
오르페옹,laughing,normal,00:04
오르페옹,laughing,normal,00:04
오르페옹,laughing,normal,00:05
오르페옹,laughing,normal,00:05
오르페옹,laughing,normal,00:05
오르페옹,laughing,normal,00:05
오르페옹,laughing,normal,00:05
오르페옹,laughing,normal,00:05
오르페옹,laughing,normal,00:05
오르페옹,laughing,normal,00:05
오르페옹,laughing,normal,00:05
오르페옹,laughing,normal,00:05
오르페옹,laughing,normal,00:05
오르페옹,laughing,normal,00:05
오르페옹,laughing,normal,00:05
오르페옹,laughing,normal,00:05
오르페옹,laughing,normal,00:05
오르페옹,laughing,normal,00:05
오르페옹,laughing,normal,00:05
오르페옹,laughing,normal,00:05
오르페옹,laughing,normal,00:05
오르페옹,laughing,normal,00:05
오르페옹,laughing,normal,00:05
오르페옹,laughing,normal,00:05
오르페옹,laughing,normal,00:05
오르페옹,laughing,normal,00:05
오르페옹,laughing,normal,00:05
오르페옹,laughing,normal,00:05
오르페옹,laughing,normal,00:05
오르페옹,laughing,normal,00:05
오르페옹,laughing,normal,00:05
오르페옹,laughing,normal,00:05
오르페옹,laughing,normal,00:06
오르페옹,laughing,normal,00:06
오르페옹,laughing,normal,00:06
오르페옹,laughing,normal,00:06
오르페옹,laughing,normal,00:06
오르페옹,laughing,normal,00:06
오르페옹,laughing,normal,00:06
오르페옹,laughing,normal,00:06
오르페옹,laughing,normal,00:06
오르페옹,laughing,normal,00:06
오르페옹,laughing,normal,00:06
오르페옹,laughing,normal,00:06
오르페옹,laughing,normal,00:06
오르페옹,laughing,normal,00:06
오르페옹,laughing,normal,00:06
오르페옹,laughing,normal,00:06
오르페옹,laughing,normal,00:06
오르페옹,laughing,normal,00:06
오르페옹,laughing,normal,00:06
오르페옹,laughing,normal,00:06
오르페옹,laughing,normal,00:06
오르페옹,laughing,normal,00:06
오르페옹,laughing,normal,00:06
오르페옹,laughing,normal,00:06
오르페옹,laughing,normal,00:06
오르페옹,laughing,normal,00:06
오르페옹,laughing,normal,00:06
오르페옹,laughing,normal,00:06
오르페옹,laughing,normal,00:06
오르페옹,laughing,normal,00:06
오르페옹,laughing,normal,00:07
오르페옹,laughing,normal,00:07
오르페옹,laughing,normal,00:07
오르페옹,laughing,normal,00:07
오르페옹,laughing,normal,00:07
오르페옹,laughing,normal,00:07
오르페옹,laughing,normal,00:07
오르페옹,laughing,normal,00:07
오르페옹,laughing,normal,00:07
오르페옹,laughing,normal,00:07
오르페옹,laughing,normal,00:07
오르페옹,laughing,normal,00:07
오르페옹,laughing,normal,00:07
오르페옹,laughing,normal,00:07
오르페옹,laughing,normal,00:07
오르페옹,laughing,normal,00:07
오르페옹,laughing,normal,00:07
오르페옹,laughing,normal,00:07
오르페옹,laughing,normal,00:07
오르페옹,laughing,normal,00:07
오르페옹,laughing,normal,00:07
오르페옹,laughing,normal,00:07
오르페옹,laughing,normal,00:07
오르페옹,laughing,normal,00:07
오르페옹,laughing,normal,00:07
오르페옹,laughing,normal,00:07
오르페옹,laughing,normal,00:08
오르페옹,laughing,normal,00:08
오르페옹,laughing,normal,00:08
오르페옹,laughing,normal,00:08
오르페옹,laughing,normal,00:08
오르페옹,laughing,normal,00:08
오르페옹,laughing,normal,00:08
오르페옹,laughing,normal,00:08
오르페옹,laughing,normal,00:08
오르페옹,laughing,normal,00:08
오르페옹,laughing,normal,00:08
오르페옹,laughing,normal,00:08
오르페옹,laughing,normal,00:08
오르페옹,laughing,normal,00:08
오르페옹,laughing,normal,00:08
오르페옹,laughing,normal,00:08
오르페옹,laughing,normal,00:08
오르페옹,laughing,normal,00:08
오르페옹,laughing,normal,00:08
오르페옹,laughing,normal,00:08
오르페옹,laughing,normal,00:08
오르페옹,laughing,normal,00:08
오르페옹,laughing,normal,00:08
오르페옹,laughing,normal,00:08
오르페옹,laughing,normal,00:08
오르페옹,laughing,normal,00:09
오르페옹,laughing,normal,00:09
오르페옹,laughing,normal,00:09
오르페옹,laughing,normal,00:09
오르페옹,laughing,normal,00:09
오르페옹,laughing,normal,00:09
오르페옹,laughing,normal,00:09
오르페옹,laughing,normal,00:09
오르페옹,laughing,normal,00:09
오르페옹,laughing,normal,00:09
오르페옹,laughing,normal,00:09
오르페옹,laughing,normal,00:09
오르페옹,laughing,normal,00:09
오르페옹,laughing,normal,00:09
오르페옹,laughing,normal,00:09
오르페옹,laughing,normal,00:09
오르페옹,laughing,normal,00:09
오르페옹,laughing,normal,00:09
오르페옹,laughing,normal,00:09
오르페옹,laughing,normal,00:09
오르페옹,laughing,normal,00:09
오르페옹,laughing,normal,00:09
오르페옹,laughing,normal,00:09
오르페옹,laughing,normal,00:09
오르페옹,laughing,normal,00:10
오르페옹,laughing,normal,00:10
오르페옹,laughing,normal,00:10
오르페옹,laughing,normal,00:10
오르페옹,laughing,normal,00:10
오르페옹,laughing,normal,00:10
오르페옹,laughing,normal,00:10
오르페옹,laughing,normal,00:10
오르페옹,laughing,normal,00:10
오르페옹,laughing,normal,00:10
오르페옹,laughing,normal,00:10
오르페옹,laughing,normal,00:10
오르페옹,laughing,normal,00:10
오르페옹,laughing,normal,00:10
오르페옹,laughing,normal,00:10
오르페옹,laughing,normal,00:10
오르페옹,laughing,normal,00:10
오르페옹,laughing,normal,00:10
오르페옹,laughing,normal,00:10
오르페옹,laughing,normal,00:10
오르페옹,laughing,normal,00:10
오르페옹,laughing,normal,00:10
오르페옹,laughing,normal,00:10
오르페옹,laughing,normal,00:10
오르페옹,laughing,normal,00:10
오르페옹,laughing,normal,00:10
오르페옹,laughing,normal,00:10
오르페옹,laughing,normal,00:10
오르페옹,laughing,normal,00:10
오르페옹,laughing,normal,00:11
오르페옹,laughing,normal,00:11
오르페옹,laughing,normal,00:11
오르페옹,laughing,normal,00:11
오르페옹,laughing,normal,00:11
오르페옹,laughing,normal,00:11
오르페옹,laughing,normal,00:11
오르페옹,laughing,normal,00:11
오르페옹,laughing,normal,00:11
오르페옹,laughing,normal,00:11
오르페옹,laughing,normal,00:11
오르페옹,laughing,normal,00:11
오르페옹,laughing,normal,00:11
오르페옹,laughing,normal,00:11
오르페옹,laughing,normal,00:11
오르페옹,laughing,normal,00:11
오르페옹,laughing,normal,00:11
오르페옹,laughing,normal,00:11
오르페옹,laughing,normal,00:11
오르페옹,laughing,normal,00:11
오르페옹,laughing,normal,00:11
오르페옹,laughing,normal,00:11
오르페옹,laughing,normal,00:11
오르페옹,laughing,normal,00:11
오르페옹,laughing,normal,00:11
오르페옹,laughing,normal,00:11
오르페옹,laughing,normal,00:11
오르페옹,laughing,normal,00:11
오르페옹,laughing,normal,00:11
오르페옹,laughing,normal,00:11
오르페옹,laughing,normal,00:12
오르페옹,laughing,normal,00:12
오르페옹,laughing,normal,00:12
오르페옹,laughing,normal,00:12
오르페옹,laughing,normal,00:12
오르페옹,laughing,normal,00:12
오르페옹,laughing,normal,00:12
오르페옹,laughing,normal,00:12
오르페옹,laughing,normal,00:12
오르페옹,laughing,normal,00:12
오르페옹,laughing,normal,00:12
오르페옹,laughing,normal,00:12
오르페옹,laughing,normal,00:12
오르페옹,laughing,normal,00:12
오르페옹,laughing,normal,00:12
오르페옹,laughing,normal,00:12
오르페옹,laughing,normal,00:12
오르페옹,laughing,normal,00:12
오르페옹,laughing,normal,00:12
오르페옹,laughing,normal,00:12
오르페옹,laughing,normal,00:12
오르페옹,laughing,normal,00:12
오르페옹,laughing,normal,00:12
오르페옹,laughing,normal,00:12
오르페옹,laughing,normal,00:12
오르페옹,laughing,normal,00:12
오르페옹,laughing,normal,00:12
오르페옹,laughing,normal,00:12
오르페옹,laughing,normal,00:12
오르페옹,laughing,normal,00:12
오르페옹,laughing,normal,00:13
오르페옹,laughing,normal,00:13
오르페옹,laughing,normal,00:13
오르페옹,laughing,normal,00:13
오르페옹,laughing,normal,00:13
오르페옹,laughing,normal,00:13
오르페옹,laughing,normal,00:13
오르페옹,laughing,normal,00:13
오르페옹,laughing,normal,00:13
오르페옹,laughing,normal,00:13
오르페옹,laughing,normal,00:13
오르페옹,laughing,normal,00:13
오르페옹,laughing,normal,00:13
오르페옹,laughing,normal,00:13
오르페옹,laughing,normal,00:13
오르페옹,laughing,normal,00:13
오르페옹,laughing,normal,00:13
오르페옹,laughing,normal,00:13
오르페옹,laughing,normal,00:13
오르페옹,laughing,normal,00:13
오르페옹,laughing,normal,00:13
오르페옹,laughing,normal,00:13
오르페옹,laughing,normal,00:13
오르페옹,laughing,normal,00:13
오르페옹,laughing,normal,00:13
오르페옹,laughing,normal,00:13
오르페옹,laughing,normal,00:13
오르페옹,laughing,normal,00:13
오르페옹,laughing,normal,00:14
오르페옹,laughing,normal,00:14
오르페옹,laughing,normal,00:14
오르페옹,laughing,normal,00:14
오르페옹,laughing,normal,00:14
오르페옹,laughing,normal,00:14
오르페옹,laughing,normal,00:14
오르페옹,laughing,normal,00:14
오르페옹,laughing,normal,00:14
오르페옹,laughing,normal,00:14
오르페옹,laughing,normal,00:14
오르페옹,laughing,normal,00:14
오르페옹,laughing,normal,00:14
오르페옹,laughing,normal,00:14
오르페옹,laughing,normal,00:14
오르페옹,laughing,normal,00:14
오르페옹,laughing,normal,00:14
오르페옹,laughing,normal,00:14
오르페옹,laughing,normal,00:14
오르페옹,laughing,normal,00:14
오르페옹,laughing,normal,00:14
오르페옹,laughing,normal,00:14
오르페옹,laughing,normal,00:14
오르페옹,laughing,normal,00:14
오르페옹,laughing,normal,00:14
오르페옹,laughing,normal,00:14
오르페옹,laughing,normal,00:14
오르페옹,laughing,normal,00:14
오르페옹,laughing,normal,00:14
오르페옹,laughing,normal,00:15
오르페옹,laughing,normal,00:15
오르페옹,laughing,normal,00:15
오르페옹,laughing,normal,00:15
오르페옹,laughing,normal,00:15
오르페옹,laughing,normal,00:15
오르페옹,laughing,normal,00:15
오르페옹,laughing,normal,00:15
오르페옹,laughing,normal,00:15
오르페옹,laughing,normal,00:15
오르페옹,laughing,normal,00:15
오르페옹,laughing,normal,00:15
오르페옹,laughing,normal,00:15
오르페옹,laughing,normal,00:15
오르페옹,laughing,normal,00:15
오르페옹,laughing,normal,00:15
오르페옹,laughing,normal,00:15
오르페옹,laughing,normal,00:15
오르페옹,laughing,normal,00:15
오르페옹,laughing,normal,00:15
오르페옹,laughing,normal,00:15
오르페옹,laughing,normal,00:15
오르페옹,laughing,normal,00:15
오르페옹,laughing,normal,00:15
오르페옹,laughing,normal,00:15
오르페옹,laughing,normal,00:15
오르페옹,laughing,normal,00:15
오르페옹,laughing,normal,00:15
오르페옹,laughing,normal,00:15
오르페옹,laughing,normal,00:15
오르페옹,laughing,normal,00:16
오르페옹,laughing,normal,00:16
오르페옹,laughing,normal,00:16
오르페옹,laughing,normal,00:16
오르페옹,laughing,normal,00:16
오르페옹,laughing,normal,00:16
오르페옹,laughing,normal,00:16
오르페옹,laughing,normal,00:16
오르페옹,laughing,normal,00:17
오르페옹,laughing,normal,00:17
오르페옹,laughing,normal,00:17
오르페옹,laughing,normal,00:18
오르페옹,laughing,normal,00:18
오르페옹,laughing,normal,00:18
오르페옹,laughing,normal,00:18
오르페옹,laughing,normal,00:18
오르페옹,laughing,normal,00:18
오르페옹,laughing,normal,00:18
오르페옹,laughing,normal,00:18
오르페옹,laughing,normal,00:18
오르페옹,laughing,normal,00:18
오르페옹,laughing,normal,00:18
오르페옹,laughing,normal,00:18
오르페옹,laughing,normal,00:18
오르페옹,laughing,normal,00:18
오르페옹,laughing,normal,00:18
오르페옹,laughing,normal,00:18
오르페옹,laughing,normal,00:18
오르페옹,laughing,normal,00:18
오르페옹,laughing,normal,00:18
오르페옹,laughing,normal,00:18
오르페옹,laughing,normal,00:19
오르페옹,laughing,normal,00:19
오르페옹,laughing,normal,00:19
오르페옹,laughing,normal,00:19
오르페옹,laughing,normal,00:19
오르페옹,laughing,normal,00:19
오르페옹,laughing,normal,00:19
오르페옹,laughing,normal,00:19
오르페옹,laughing,normal,00:19
오르페옹,laughing,normal,00:19
오르페옹,laughing,normal,00:19
오르페옹,laughing,normal,00:19
오르페옹,laughing,normal,00:19
오르페옹,laughing,normal,00:19
오르페옹,laughing,normal,00:19
오르페옹,laughing,normal,00:19
오르페옹,laughing,normal,00:19
오르페옹,laughing,normal,00:19
오르페옹,laughing,normal,00:20
오르페옹,laughing,normal,00:20
오르페옹,laughing,normal,00:20
오르페옹,laughing,normal,00:20
오르페옹,laughing,normal,00:20
오르페옹,laughing,normal,00:20
오르페옹,laughing,normal,00:20
오르페옹,laughing,normal,00:20
오르페옹,laughing,normal,00:20
오르페옹,laughing,normal,00:20
오르페옹,laughing,normal,00:20
오르페옹,laughing,normal,00:20
오르페옹,laughing,normal,00:20
오르페옹,laughing,normal,00:20
오르페옹,laughing,normal,00:20
오르페옹,laughing,normal,00:20
오르페옹,laughing,normal,00:20
오르페옹,laughing,normal,00:20
오르페옹,laughing,normal,00:20
오르페옹,laughing,normal,00:21
오르페옹,laughing,normal,00:21
오르페옹,laughing,normal,00:21
오르페옹,laughing,normal,00:21
오르페옹,laughing,normal,00:21
오르페옹,laughing,normal,00:21
오르페옹,laughing,normal,00:21
오르페옹,laughing,normal,00:21
오르페옹,laughing,normal,00:21
오르페옹,laughing,normal,00:21
오르페옹,laughing,normal,00:22
오르페옹,laughing,normal,00:22
오르페옹,laughing,normal,00:22
오르페옹,laughing,normal,00:27
오르페옹,laughing,normal,00:28
